Best Shoes ,rllt__details,Ratings,Address,Number,rllt__details 4,rllt__details 5,BI0Dve,if66xd,BI0Dve 2
J.J.L. Shoes,· Shoe store,-224,near Trimurti Apartment,· 094622 18449,⋅ Closes 10 pm,Open,Delivery,,
Wholesaler in Jaipur,· Shoe store,-378,"Ground Floor, Shop No. 26-B, 26-B, near Vidhan Shabha",· 078789 06523,⋅ Closes 8 pm,Open,In-store pick-up,·,Delivery
KC Export Shoes,· Shoe store,-105,"K-24/5, Grenade Scheme Marg, Khatipura Rd, near HP Petrol Pump",· 083860 57448,⋅ 11 am,Opens soon,In-store pick-up,·,Delivery
Custom Brand Outlet,· Shoe store,-62,"Shop No.F-1varsha Tower, Sangh Shakti Rd",· 063752 51199,⋅ Closes 10 pm,Open,In-store pick-up,·,Delivery
Gaba Shoe Agencies,· Shoe store,-33,WR5V+JHF,,⋅ 11 am,Opens soon,In-store pick-up,·,Delivery
Bharat export and leather shoes,· Shoe store,-17,"Chandni Chowk, Kalwar Rd, near Medical Centre",· 080786 76075,⋅ Closes 10 pm,Open,Delivery,,
Urvashi Footwear,· Shoe store,-8,"Shop No 45 Galli No 2, Shop no. 333, Adarsh Basti",· 094601 50351,⋅ Closes 9:30 pm,Open,Delivery,,
Decathlon Sports Jaipur Centre,· Outdoor sports store,(11K),"Ground floor, Jaipur Centre, Tonk Rd, near Berbeque Nation",· 084319 10066,⋅ 11 am,Opens soon,,,
S.S. Shoes,· Shoe store,-7,"101,, 80 Feet Rd",· 098873 80184,⋅ Closes 9 pm,Open,Delivery,,
"Skechers - Gaurav Towers, Malviya Nagar, Jaipur",·  · Shoe store,-255,"Showroom No.3, Gaurav towers, Jaipur: on Ground Floor at, Gaurav Tower Marg",· 0141 411 2489,₹₹,Open,,,
Ayush leather World,· Shoe store,(1.1K),"SHOP NO. 7-8, UNDER Ayush Leather World, Khatipura Flyover",· 077270 90033,⋅ Closes 9 pm,Open,In-store shopping,·,In-store pick-up
"Skechers - MI Road, Jaipur",·  · Shoe store,-114,"Shop No. 78, Bombay House, Mirza Ismail Rd",· 0141 472 0246,₹₹,Open,,,
Gulab Industries - Best Footwear Saftey shoes Manufacturers and Wholesaler in Jaipur,· Shoe factory,-5,"C-146, Rd Number 9",· 095879 74867,⋅ Closes 8 pm,Open,,,
Big shoes,· Shoe store,-6,Oct-32,· 090793 75291,⋅ Closes 10 pm,Open,Delivery,,
Happy Footwear,· Shoe store,-21,"Shop No. 56, Khatipura Road, Khati Pura Road, Jhotwara Bridge, Jhotwara",,⋅ Closes 9 pm,Open,Delivery,,
Fashion Factory,· Clothing store,(5.2K),"Sunny Trade center, GF, Gopalpura Bypass Rd",· 1800 891 0001,⋅ 11 am,Opens soon,,,
"Westside - Anandam Fort, Jaipur",· Clothing store,(2.7K),"Anand Fort, Plot No 3, Jawahar Lal Nehru Marg",· 0141 272 9131,⋅ 11 am,Opens soon,In-store pick-up,·,Delivery
R K Footwear,· Shoe store,-7,"WPHX+C87, Jhotwara Rd, near Chinu Juice",· 099821 54787,⋅ Closes 10 pm,Open,Delivery,,
Shoppers Stop,· Department store,(4.9K),Jawahar Lal Nehru Marg,· 093582 58700,⋅ 11 am,Opens soon,In-store shopping,·,In-store pick-up
World Trade Park,· Shopping mall,(86K),Jawahar Lal Nehru Marg,· 0141 272 8044,⋅ 11 am,Opens soon,,,
