Best buses,makeFlex 2,font18,font14 3,font14 4,font18 2,font14 5,sc-ckVGcZ,font12,sc-fjdhpX,sc-fjdhpX 2,appendRight5 3,appendRight5 4,appendRight5 5,appendRight16,oldPrice,savedAmount
FlixBus,VE A/C Sleeper (2+1),18:15,12,15,06:30,22-May,999,13 Ratings,28 Seats Left,17 Window Seats,Amenities,Pickups & Drops,Reviews,,,
Shree Raj Akanshi travels,Bharat Benz A/C Seater /Sleeper (2+1),20:15,9,45,06:00,22-May,899,22 Ratings,30 Seats Left,18 Window Seats,Amenities,Pickups & Drops,Reviews,Live Tracking,,
Vikas Travels Jaipur,Bharat Benz A/C Seater /Sleeper (2+1),22:30,11,0,09:30,22-May,629,30 Ratings,25 Seats Left,11 Window Seats,Amenities,Pickups & Drops,Reviews,Live Tracking,₹699,Save
PAL BUS(Patel Travels®),Bharat Benz A/C Sleeper (2+1),21:00,10,35,07:35,22-May,865,212 Ratings,34 Seats Left,20 Window Seats,Amenities,Pickups & Drops,Reviews,Live Tracking,,
Shri Krishna Travels ( Jai Shree Ganesh Yatra Co.),Bharat Benz A/C Seater /Sleeper (2+1),20:00,10,30,06:30,22-May,699,267 Ratings,30 Seats Left,16 Window Seats,Amenities,Pickups & Drops,Reviews,Live Tracking,,
Zingbus Plus,Bharat Benz A/C Seater /Sleeper (2+1),21:30,12,10,09:40,22-May,654,,31 Seats Left,20 Window Seats,Amenities,Pickups & Drops,Reviews,Live Tracking,₹748,Save
Ram Dalal Holidays Pvt Ltd,Bharat Benz A/C Sleeper (2+1),20:00,10,0,06:00,22-May,599,,24 Seats Left,11 Window Seats,Amenities,Pickups & Drops,Reviews,Live Tracking,,
Maharani Travels,Bharat Benz A/C Seater /Sleeper (2+1),19:00,11,15,06:15,22-May,599,98 Ratings,34 Seats Left,19 Window Seats,Amenities,Pickups & Drops,Reviews,Live Tracking,,
Mahalaxmi Travels,Volvo 9600 Multi-Axle A/C Sleeper (2+1),19:30,11,30,07:00,22-May,"1,199",61 Ratings,21 Seats Left,14 Window Seats,Amenities,Pickups & Drops,Reviews,Live Tracking,,
FlixBus,VE A/C Sleeper (2+1),19:40,12,15,07:55,22-May,999,,34 Seats Left,20 Window Seats,Amenities,Pickups & Drops,Reviews,,,
Zingbus Plus,Bharat Benz A/C Seater /Sleeper (2+1),19:45,12,20,08:05,22-May,654,88 Ratings,29 Seats Left,18 Window Seats,Amenities,Pickups & Drops,Reviews,Live Tracking,₹748,Save
NAVEEN TRAVELS,Bharat Benz A/C Sleeper (2+1),20:00,10,40,06:40,22-May,950,,32 Seats Left,19 Window Seats,Amenities,Pickups & Drops,Reviews,,"₹1,000",Save
Mahalaxmi Travels,Bharat Benz A/C Seater /Sleeper (2+1),22:15,11,45,10:00,22-May,569,76 Ratings,22 Seats Left,13 Window Seats,Amenities,Pickups & Drops,Reviews,Live Tracking,₹599,Save
NAVEEN TRAVELS,Bharat Benz A/C Sleeper (2+1),20:00,10,10,06:10,22-May,"1,140",,34 Seats Left,20 Window Seats,Amenities,Pickups & Drops,Reviews,,"₹1,200",Save
Mahalaxmi Travels,Volvo 9600 Multi-Axle A/C Sleeper (2+1),21:30,11,45,09:15,22-May,"1,139",65 Ratings,24 Seats Left,14 Window Seats,Amenities,Pickups & Drops,Reviews,Live Tracking,"₹1,199",Save
Shri Krishna Travels ( Jai Shree Ganesh Yatra Co.),Volvo Multi Axle A/C Sleeper I-Shift B11R (2+1),21:30,10,30,08:00,22-May,999,,34 Seats Left,,Amenities,Pickups & Drops,Reviews,,,
Devraj Travels,Bharat Benz A/C Seater /Sleeper (2+1),16:30,13,55,06:25,22-May,800,,34 Seats Left,19 Window Seats,Amenities,Pickups & Drops,Reviews,Live Tracking,,
Shakti Travels,A/C Seater / Sleeper (2+1),20:15,12,0,08:15,22-May,700,97 Ratings,14 Seats Left,6 Window Seats,Amenities,Pickups & Drops,Reviews,Live Tracking,,
FlixBus,VE A/C Sleeper (2+1),23:30,12,5,11:35,22-May,"1,124",30 Ratings,26 Seats Left,16 Window Seats,Amenities,Pickups & Drops,Reviews,Live Tracking,,
OurBus India Limited,Bharat Benz A/C Sleeper (2+1),21:00,11,10,08:10,22-May,855,,27 Seats Left,15 Window Seats,Amenities,Pickups & Drops,Reviews,Live Tracking,₹950,Save
Shri Krishna Travels ( Jai Shree Ganesh Yatra Co.),A/C Seater/Sleeper (2+1),22:00,11,0,09:00,22-May,"1,199",27 Ratings,22 Seats Left,14 Window Seats,Amenities,Pickups & Drops,Reviews,Live Tracking,,
Shri Krishna Travels ( Jai Shree Ganesh Yatra Co.),Bharat Benz A/C Seater /Sleeper (2+1),21:00,10,20,07:20,22-May,799,86 Ratings,28 Seats Left,15 Window Seats,Amenities,Pickups & Drops,Reviews,Live Tracking,,
Rinku travels,A/C Seater / Sleeper (2+1),21:00,11,40,08:40,22-May,550,75 Ratings,32 Seats Left,18 Window Seats,Amenities,Pickups & Drops,Reviews,Live Tracking,,
Mahalaxmi Travels,Bharat Benz A/C Seater /Sleeper (2+1),20:30,12,0,08:30,22-May,569,62 Ratings,29 Seats Left,18 Window Seats,Amenities,Pickups & Drops,Reviews,Live Tracking,₹599,Save
Maa Ganga Yatra Co,A/C Seater / Sleeper (2+1),21:30,11,0,08:30,22-May,649,7 Ratings,40 Seats Left,24 Window Seats,Amenities,Pickups & Drops,Reviews,,,
Yuvraj Travels,Bharat Benz A/C Sleeper (2+1),21:15,11,15,08:30,22-May,699,24 Ratings,24 Seats Left,15 Window Seats,Amenities,Pickups & Drops,Reviews,Live Tracking,,
KISSAN TRAVELS PILANI,Bharat Benz A/C Sleeper (2+1),17:35,13,5,06:40,22-May,"1,043",,36 Seats Left,22 Window Seats,Amenities,Pickups & Drops,Reviews,Live Tracking,"₹1,098",Save
GV Tours,A/C Seater/Sleeper (2+1),20:50,11,35,08:25,22-May,665,,42 Seats Left,24 Window Seats,Pickups & Drops,Reviews,,,₹700,Save
Gajraj bus service,Bharat Benz A/C Sleeper (2+1),23:40,9,45,09:25,22-May,"2,499",,26 Seats Left,15 Window Seats,Amenities,Pickups & Drops,Reviews,Live Tracking,,
Hari Das Tour &Travels,Bharat Benz A/C Seater /Sleeper (2+1),21:00,11,55,08:55,22-May,"5,000",,,,Amenities,Pickups & Drops,Reviews,,,
Garhwal Travels,A/C Seater / Sleeper (2+1),16:00,15,0,07:00,22-May,850,,38 Seats Left,22 Window Seats,Amenities,Pickups & Drops,Reviews,,,
A One Travel Agency,A/C Seater / Sleeper (2+1),18:20,12,25,06:45,22-May,"1,000",,42 Seats Left,25 Window Seats,Amenities,Pickups & Drops,Reviews,,,
Garhwal Travels,A/C Seater / Sleeper (2+1),22:55,9,15,08:10,22-May,800,,14 Seats Left,6 Window Seats,Amenities,Pickups & Drops,Reviews,Live Tracking,,
Shakti Travels,A/C Seater / Sleeper (2+1),21:15,12,0,09:15,22-May,700,37 Ratings,37 Seats Left,21 Window Seats,Amenities,Pickups & Drops,Reviews,Live Tracking,,
Shekhar Travels,A/C Seater / Sleeper (2+1),22:59,9,26,08:25,22-May,900,23 Ratings,36 Seats Left,23 Window Seats,Amenities,Pickups & Drops,Reviews,Live Tracking,,
Laxmi Holidays Pvt Ltd,Bharat Benz A/C Seater /Sleeper (2+1),19:30,11,0,06:30,22-May,565,5 Ratings,42 Seats Left,27 Window Seats,Amenities,Pickups & Drops,Reviews,Live Tracking,,
Ravina Travels (Regd),A/C Sleeper (2+1),01:00,10,0,11:00,21-May,"1,079",,24 Seats Left,16 Window Seats,Amenities,Pickups & Drops,Reviews,Live Tracking,"₹1,199",Save
Samreen Travels,AC Sleeper (2+1),23:45,9,50,09:35,22-May,"1,150",,23 Seats Left,12 Window Seats,Amenities,Pickups & Drops,Reviews,Live Tracking,,
Babu Travels,A/C Seater / Sleeper (2+1),22:10,11,35,09:45,22-May,999,8 Ratings,41 Seats Left,25 Window Seats,Amenities,Pickups & Drops,Reviews,Live Tracking,,
Babu Travels,Bharat Benz A/C Sleeper (2+1),20:40,12,5,08:45,22-May,949,,25 Seats Left,12 Window Seats,Amenities,Pickups & Drops,Reviews,Live Tracking,,
Captain tour and Travels,A/C Seater / Sleeper (2+1),21:20,10,10,07:30,22-May,749,,36 Seats Left,22 Window Seats,Amenities,Pickups & Drops,Reviews,,,
Khushi Tour. Travels,A/C Seater / Sleeper (2+1),21:00,10,35,07:35,22-May,700,,36 Seats Left,22 Window Seats,Amenities,Pickups & Drops,Reviews,,,
Khushi Tour. Travels,A/C Seater / Sleeper (2+1),18:00,13,0,07:00,22-May,800,,28 Seats Left,19 Window Seats,Amenities,Pickups & Drops,Reviews,,,
Ambey  Travel  Agency,Volvo Multi-Axle A/C Sleeper (2+1),21:30,9,0,06:30,22-May,"1,266",,37 Seats Left,23 Window Seats,Pickups & Drops,Reviews,,,"₹1,333",Save
J D TRAVELS,Volvo Multi Axle A/C Sleeper I-Shift B11R (2+1),21:30,11,20,08:50,22-May,949,,37 Seats Left,23 Window Seats,Amenities,Pickups & Drops,Reviews,,₹999,Save
Vijay Tour and Travels,Volvo 9600 A/C Sleeper (2+1),20:40,10,20,07:00,22-May,"1,237",,33 Seats Left,20 Window Seats,Pickups & Drops,Reviews,,,,
Thar Bus Service,NON A/C Sleeper (2+2),19:15,12,45,08:00,22-May,"2,000",,48 Seats Left,20 Window Seats,Pickups & Drops,Reviews,,,,
